{
    "Sx": {
        "mean": [
            2.9054924598344853,
            2.8809027610188167,
            2.8636214611884117,
            3.08404634482133,
            3.328865294866079,
            3.622620113647752,
            3.8726372934317403,
            4.48234698407353,
            4.827472857864145,
            5.0199978073883065,
            5.559922759344119,
            6.032449358561777
        ],
        "std": [
            0.005576666027383048,
            0.14610414235178268,
            0.11254326415570486,
            0.025474081015287975,
            0.043754620668011224,
            0.06195286303523016,
            0.12205536797502183,
            0.08031484612835459,
            0.0315886324660069,
            0.18588460132899765,
            0.2724301949072769,
            0.3797182910447758
        ]
    },
    "Sy": {
        "mean": [
            4.736240258199944,
            3.788368992842118,
            3.284102449804522,
            2.6722097966490206,
            2.1361698139315393,
            1.6084405616366702,
            1.2710576334020702,
            0.6209068919471751,
            0.4115422367407282,
            0.8218404596920564,
            1.3848478769397978,
            1.9005524039193598
        ],
        "std": [
            0.05498477712328009,
            0.1019438990038905,
            0.14776791481248105,
            0.09151084400217094,
            0.08414482595829192,
            0.05985657440748376,
            0.2946972614286125,
            0.06828941015019853,
            0.008811137353180428,
            0.024285211293622804,
            0.03604054593516223,
            0.09328930852754239
        ]
    },
    "quad_current": [
        "-0.25",
        "0.00",
        "0.25",
        "0.50",
        "0.75",
        "1.00",
        "1.25",
        "1.50",
        "1.75",
        "2.00",
        "2.25",
        "2.50"
    ]
}